circuitId,driverId,position
1,1,1.662902638369322
1,2,4.674938966869269
1,3,2.349150918651826
1,4,5.6572481820644445
1,5,1.8499501114473875
1,6,5.59359796550199
1,7,11.238915470494419
1,8,5.258050286592277
1,9,2.971914434219251
1,10,3.3216287090204135
1,11,1.4917815133576315
1,12,3.7191904047976023
1,13,5.687564001982845
1,14,4.973405034390912
1,15,4.449931163772186
1,16,3.538031150424203
1,17,4.69882679054433
1,18,4.44694077311418
1,19,3.84935064935065
1,20,0.9460400184107084
1,21,5.511447473566629
1,22,3.447436812643405
1,23,4.491851395730707
1,24,2.838918838465116
1,25,5.146552742493516
1,26,0.7328390420495684
1,27,1.6257936507936506
1,30,2.14199997671169
1,31,2.6155048869274
1,32,2.3342598921546265
1,33,2.9821303452882346
1,34,3.20614954577219
1,35,2.857045734470619
1,37,2.8968233967005506
1,39,1.250505050505048
1,40,0.7394775036284488
1,41,4.5868508739751075
1,42,3.318250377073906
1,43,4.91369047619048
1,44,3.7792354620006945
1,45,2.253872053872052
1,46,0.5869324473975632
1,47,0.4358974358974363
1,48,11.621253132832063
1,49,3.497368490301791
1,50,8.74791979949875
1,51,4.195833333333334
1,52,6.7
1,54,8.165413533834593
1,55,2.7578091828828035
1,56,3.117134791000486
1,57,6.82169792296834
1,58,0.0
1,59,0.5833333333333341
1,60,7.948717948717928
1,62,1.651851851851854
1,63,2.8049457327502183
1,64,4.130316201158356
1,65,1.1672932330827073
1,67,3.008112954800795
1,68,8.744987468671681
1,69,15.119628339140526
1,70,3.5236842105263144
1,71,0.879418373520007
1,73,4.501212121212115
1,74,1.0844155844155847
1,75,4.283116883116883
1,76,0.592857142857143
1,77,1.6557773744706625
1,78,0.3402903811252273
1,79,1.881237102204843
1,83,3.5516840882694627
1,84,
1,153,4.088054187192123
1,154,6.558775092767778
1,155,1.849667271627348
1,807,1.4181846007390477
1,808,2.8118525563812224
1,810,0.9984615384615354
1,811,2.083333333333333
1,812,1.824383164005803
1,813,2.5175788124108376
1,814,2.465841327456571
1,815,3.9511392509486867
1,816,2.3340321453528943
1,817,3.581227258472671
1,818,3.3963428686659185
1,819,1.8200184249712552
1,820,1.7892075517075523
1,821,5.349373433583963
1,822,4.156644690544097
1,823,1.84642857142857
1,824,2.1082617257429255
1,825,4.940778501916351
1,826,3.1288087643350786
1,828,1.9379795064005563
1,830,2.794730801163388
1,831,1.5476672676990295
1,832,3.0936991381274495
1,835,2.313157894736841
1,836,2.4100649350649324
1,837,0.6838235294117647
1,838,1.674002273185578
1,839,2.5548334655866416
1,840,5.026978379303697
1,841,3.003044859623807
1,842,5.5803999388391405
1,843,2.5639097744360906
1,844,1.4810445654365767
1,845,0.0
1,846,1.7429133177772014
1,847,0.7528099244977655
1,848,10.030302048224009
1,849,0.9680451127819564
1,852,5.160401002506272
1,854,3.562656641604009
1,855,3.5027223230490003
2,1,1.6331621945991452
2,2,3.1444605249669033
2,3,4.7350965324375665
2,4,3.6075541307554126
2,5,2.2370812219649445
2,6,2.4441480128942095
2,7,2.1225806451612907
2,8,6.667148954321701
2,9,7.583858425525089
2,10,3.7140324425017077
2,11,6.055241969770259
2,12,2.523898547688871
2,13,4.433968830027414
2,14,1.327603322603323
2,15,3.1117064445247276
2,16,5.229414293607147
2,17,4.661280781243035
2,18,5.44273481121853
2,19,1.66980920314254
2,20,2.6627096654773603
2,21,3.1252088453534084
2,22,2.926448824156338
2,23,2.5267510148001104
2,24,5.565840659811122
2,25,2.8561688311688322
2,26,1.379471544715448
2,27,1.750335026232178
2,30,5.6743528357164745
2,31,3.442302351736314
2,32,1.9952867502867537
2,33,2.7487905176584406
2,34,0.7670454545454478
2,35,1.244546478934778
2,37,6.73230840903797
2,39,7.968815833595712
2,40,2.0
2,41,3.115217391304347
2,42,1.2433217189314754
2,43,3.142760942760944
2,44,1.4770202020202015
2,45,3.836477987421401
2,46,1.727140783744563
2,47,1.9769984917043693
2,48,0.8453944203944199
2,49,10.33520251935346
2,50,4.077470786294317
2,51,3.3109756097561047
2,52,3.311784511784509
2,54,2.54367575122292
2,55,2.654072697626156
2,56,2.3381810718017624
2,57,8.699506974506965
2,58,0.8800000000000004
2,59,1.4245614035087715
2,60,2.06101685376618
2,62,1.7339901477832522
2,63,6.553102627630928
2,64,6.46247357293869
2,65,3.54671870682509
2,66,3.580471380471382
2,67,2.8371156833800515
2,68,2.476190476190476
2,69,1.6952380952380943
2,70,3.717171717171715
2,153,2.000799663299666
2,154,4.295793249959919
2,155,3.1304783079239593
2,807,5.195298220298221
2,808,3.0385673982645813
2,810,2.220609579100148
2,811,22.279197518168097
2,812,3.986937590711176
2,813,5.006400895619822
2,814,8.173484848484852
2,815,4.693891903855672
2,816,1.101045296167239
2,817,5.423757664682035
2,818,4.4412719633307844
2,819,4.450600343053172
2,820,1.1977638015373844
2,821,1.7282550114335449
2,822,3.8149350649350717
2,823,1.1952861952861953
2,824,1.5517255892255888
2,825,2.3967452300785634
2,826,2.355780022446685
2,828,1.8649704593100809
2,830,1.242207792207793
2,831,2.4554750402576526
2,832,6.824889839832367
2,833,1.6284470246734406
2,835,3.0387025012024984
2,836,1.3646464646464649
2,838,2.494949494949496
2,839,9.368350168350169
2,840,2.563636363636363
2,842,2.105723905723908
3,1,2.175049691327887
3,2,2.593452001215159
3,3,4.351982635159328
3,4,4.305855957290197
3,5,2.2188838328686904
3,6,1.7694022289766942
3,7,2.309714627477785
3,8,2.605477055258924
3,9,2.453220352468471
3,10,2.889650578466368
3,11,2.583709763559347
3,12,2.827578561789088
3,13,5.549158047466316
3,14,3.592771387342816
3,15,1.478639510030487
3,16,3.750247038230834
3,17,2.0004073618918654
3,18,2.5927676129277963
3,19,3.118826075884901
3,20,2.2377926999700457
3,21,6.858425419609631
3,22,4.228294297896875
3,23,6.217738949646842
3,24,1.3422316780963397
3,25,2.663636363636363
3,26,1.5737012987012982
3,27,2.651533232665314
3,30,3.6612513426423208
3,31,2.1105263157894734
3,32,2.0358310549100014
3,33,1.9794612794612816
3,34,0.6554621848739512
3,35,2.016782676346762
3,37,1.3523113338902781
3,39,0.5336700336700281
3,40,2.3759608665269045
3,43,1.942532467532468
3,44,3.578896103896106
3,45,2.795959595959596
3,46,0.4083710407239824
3,47,0.6316067653276959
3,67,3.3232950624254984
3,153,0.4132653061224482
3,154,3.2145651771474135
3,155,5.132448545606441
3,807,3.7860305682664857
3,808,0.670129870129869
3,810,0.5
3,811,1.9623437949603333
3,812,
3,813,6.33058014354067
3,814,6.964912280701755
3,815,6.0270289881275625
3,817,3.328952912685148
3,818,2.0052869100856707
3,819,2.058370976849239
3,820,3.463183526999314
3,821,4.417189340873552
3,822,4.51017243970504
3,823,0.3319865319865328
3,824,1.8855519480519454
3,825,3.1075558901962004
3,826,4.957961023587098
3,828,5.378786641929499
3,829,1.105723905723906
3,830,3.7071006246354177
3,831,3.199188311688313
3,832,3.982044145777603
3,833,0.7354996505939878
3,835,2.035064935064937
3,836,4.177922077922079
3,837,1.688311688311689
3,838,5.941233766233764
3,839,3.3132691297776984
3,840,2.5071699018372526
3,841,3.2342609530283646
3,842,3.9994732187927755
3,843,9.210064935064937
3,844,1.6645158350421503
3,845,3.4646103896103937
3,846,3.1459355924256958
3,847,3.8433023060311706
3,848,3.417915654211712
3,849,1.5612548622687947
3,850,1.107725207163862
3,851,1.260625501202884
3,852,4.06746126680337
3,854,2.5193191311612333
3,855,5.752506265664165
4,1,4.392205988455987
4,2,5.295106134894082
4,3,2.4384971786343734
4,4,2.482045281617026
4,5,3.6562122983399576
4,6,5.971037296037297
4,7,0.0
4,8,5.455848285221123
4,9,0.7363869463869461
4,10,2.234507340777502
4,11,3.1788218577503367
4,12,7.010016025641024
4,13,3.4356505620723903
4,14,4.32991520326079
4,15,2.8063386599586684
4,16,4.552099781938493
4,17,3.6430826433667347
4,18,3.75840467777953
4,19,2.798487103174605
4,20,3.508081501831502
4,21,3.3547538574099915
4,22,2.1992254039260346
4,23,6.837721925284947
4,24,0.7633218350535833
4,25,4.069421550671551
4,26,0.6748895056018094
4,27,1.7801793887410513
4,30,1.420725225645645
4,31,1.457121824017605
4,32,4.73588279453105
4,33,2.631848438300045
4,35,2.8678548175680527
4,36,1.7333333333333312
4,37,1.9176548899129506
4,39,0.6707131499833764
4,40,0.1636363636363632
4,41,1.387896825396827
4,43,1.2635512057387035
4,44,5.535778769423893
4,45,1.972549019607839
4,46,0.1978494623655912
4,47,0.2647058823529415
4,48,1.6405529953917029
4,49,3.6476787703434828
4,50,1.6614684870467893
4,51,2.9815668202764942
4,52,7.193548387096774
4,54,1.6785714285714286
4,55,3.025805557196689
4,56,1.5854890550819416
4,57,1.4915693681318665
4,58,1.4077207826546885
4,59,1.4328296703296721
4,60,2.79467485919098
4,63,6.1914629046062855
4,64,2.42027373409373
4,65,1.3640719587430112
4,66,3.856894841269841
4,67,3.811670240328781
4,68,3.643226477969998
4,69,5.316326530612245
4,70,0.7663043478260884
4,71,3.983713539763733
4,74,1.6948284690220157
4,75,2.2586066684738415
4,76,4.4009216589861735
4,77,1.84434775495822
4,79,0.35
4,81,4.0690111052353055
4,84,0.2426470588235292
4,153,4.06505074786325
4,154,6.051579106657231
4,155,7.490933515014392
4,807,3.9672512451912127
4,808,3.1709935897435884
4,810,0.6718667371761003
4,811,15.537878787878793
4,812,0.336182336182336
4,813,5.286355866355869
4,814,4.2464743589743605
4,815,3.1849432138494636
4,816,0.7530407191961873
4,817,2.293543388429751
4,818,5.0253512525411494
4,819,1.688889786683907
4,820,1.1706349206349205
4,821,7.656089743589742
4,822,0.7403235882183248
4,823,2.628571428571428
4,824,1.7596726190476215
4,825,2.3987469375862225
4,826,4.561958527583529
4,828,3.384738247863244
4,829,1.119815668202763
4,830,1.1303446553446552
4,831,3.117788461538463
4,832,2.1624490093240087
4,833,0.4875727128503455
4,835,2.4521233974358987
4,836,3.1843750000000046
4,837,4.656250000000002
4,838,3.4125376751384815
4,839,3.410157168578222
4,840,1.8605981537304215
4,841,3.508755827505824
4,842,2.2575138403263417
4,843,3.0119047619047663
4,844,3.4496690241756043
4,845,1.2078853046594946
4,846,1.8214060890659727
4,847,2.5557364510489466
4,848,2.559508431383433
4,849,2.958157814407818
4,852,0.8037660256410257
4,853,0.41641865079365
4,854,2.4780753968253966
4,855,1.8769841269841252
5,1,2.4959813326419504
5,2,3.8352367334218527
5,3,1.7397731397459164
5,4,1.3674866044421397
5,5,3.835893711551607
5,6,7.68905021173624
5,7,0.6137013729977113
5,8,2.012646558926052
5,9,3.5585213032581477
5,10,3.3178618932097446
5,11,3.65502275453141
5,12,3.56798245614035
5,13,3.442659741856006
5,14,1.9742867269183064
5,15,2.291245105852187
5,16,2.2240202252290073
5,17,8.223732566226733
5,18,1.8905854537822386
5,19,1.7769423558897244
5,20,2.68649361182418
5,21,6.943889897156685
5,22,3.5344518418853497
5,23,6.250612162590387
5,24,2.68478748990169
5,25,3.6845130066545657
5,26,4.045739348370928
5,27,2.740361290985711
5,29,1.0037267080745333
5,30,7.629246311691349
5,31,0.7105263157894742
5,32,3.915391928096101
5,33,1.6107744107744124
5,35,2.254385964912283
5,37,1.8959467634603753
5,38,4.62491582491582
5,39,1.6750841750841776
5,67,7.129339152478903
5,153,3.8855652061187453
5,154,0.583333333333332
5,155,4.798094373865699
5,807,3.360902255639099
5,808,4.869447325209575
5,810,1.2727272727272732
5,811,2.0777777777777766
5,812,3.4671945701357454
5,813,3.0307017543859653
5,814,4.41596194503171
5,815,3.203093941750922
5,816,0.3477272727272721
5,817,4.866725002160585
5,822,1.5153184685852565
5,825,13.8094276094276
5,826,4.631578947368419
5,830,2.1840592861464008
5,832,3.0366001209921376
5,839,5.504072681704257
5,840,6.021929824561402
5,841,3.7406242879927096
5,842,0.7958581799325911
5,844,8.648064125831821
5,846,2.3932244404113736
5,847,2.9771303258145343
5,848,2.5423472474289177
5,849,0.6752217081164402
5,852,5.760025062656638
5,853,0.5087662337662353
5,854,0.6428571428571411
6,1,1.2598612878349718
6,2,6.954642990222682
6,3,5.405007288596121
6,4,3.4170877648667233
6,5,2.515956155987114
6,6,0.9076315789473683
6,7,1.6483516483516474
6,8,3.3812036239427083
6,9,1.8658218623481801
6,10,2.7814677055257806
6,11,0.7646491805931175
6,12,1.7618408880666057
6,13,3.615089246659563
6,14,2.789629178708127
6,15,2.811506726963669
6,16,4.616012687336448
6,17,2.5814328259149084
6,18,2.59623439907605
6,19,0.934736842105262
6,20,8.802796980588333
6,21,2.734835922519233
6,22,2.489718436733594
6,23,4.547298730310873
6,24,2.5878839923556747
6,25,1.490129828723802
6,26,2.537764866712239
6,27,2.639886505387586
6,30,5.939691997596528
6,31,2.3081542726279576
6,32,3.1519480519480565
6,33,4.803423423423426
6,35,4.238233944856423
6,36,3.7938738738738818
6,37,4.2020019962007815
6,39,1.258357918119989
6,40,0.2561576354679807
6,41,7.166223404255317
6,42,0.0
6,43,1.3709352927773977
6,44,6.040927669863292
6,45,2.6287878787878785
6,46,1.971428571428571
6,47,4.907042253521131
6,48,0.6424689440993802
6,49,2.8075652915329283
6,50,4.3179845586402195
6,51,0.9088669950738952
6,52,1.0784210526315787
6,54,3.215579710144923
6,55,2.0287772896203977
6,56,4.848353886350566
6,57,6.854820313172716
6,58,5.615584415584394
6,59,4.180877192982451
6,60,0.2424242424242427
6,62,0.5960591133004912
6,63,5.1013399226534935
6,64,2.5004082993534
6,65,2.153781042342588
6,66,0.0
6,67,2.0118343644659427
6,68,3.1826232247284856
6,69,1.1416666666666648
6,70,7.774736842105256
6,71,2.3968241115609517
6,73,0.333333333333333
6,75,8.84288638262321
6,76,3.069728660260034
6,77,1.5762711864406787
6,78,5.217391304347831
6,79,1.6045197740112978
6,84,1.0862068965517246
6,153,3.2125874125874194
6,154,2.726256446816717
6,155,6.58069291069291
6,807,2.4793923182081063
6,808,1.8495467907702505
6,810,0.3478260869565211
6,811,4.334815184815185
6,812,5.765364354697108
6,813,2.1895982764890056
6,814,6.105756465756464
6,815,3.597028167450704
6,816,3.9917117117116994
6,817,1.78671300400539
6,818,9.352160103889425
6,819,0.6963045634920615
6,820,1.5288678888678926
6,821,2.2391984290996874
6,822,1.1022520182059654
6,823,7.7582417582417404
6,824,2.376479993086161
6,825,3.302114871114233
6,826,1.323704161069529
6,828,1.9678507964288479
6,829,1.0517543859649117
6,830,3.9783329528749136
6,831,2.982687525240722
6,832,1.504141378671455
6,833,0.5157894736842132
6,835,1.016483516483516
6,836,2.033684210526316
6,837,2.3978156238430195
6,838,3.304315859579015
6,839,1.133896804949437
6,840,3.3775733850203857
6,841,0.7445238095238107
6,842,1.7718015491452992
6,843,3.1024844720496856
6,844,5.256849551414766
6,845,3.835953520164051
6,846,0.6567419848669849
6,847,1.1125398724082893
6,848,2.352028290858077
6,849,1.746371672093229
6,852,2.36343792031398
6,853,0.92144144144144
6,854,0.9035517038777909
6,855,1.0276497695852518
7,1,0.9696941996170714
7,2,3.5474445941302677
7,3,7.001840349666436
7,4,3.0198545951363416
7,5,8.757328780528002
7,6,12.040579710144923
7,7,5.292838874680306
7,8,3.384875411536245
7,9,3.884196294728418
7,10,6.292794140108987
7,11,9.385017279688743
7,12,2.291497975708502
7,13,6.727044215923754
7,14,4.9650459467481065
7,15,4.628887572156494
7,16,3.5142445383950682
7,17,5.191410635400407
7,18,5.7685559385371565
7,19,18.120910973084897
7,20,5.698740510697033
7,21,4.867895940230341
7,22,8.408299056888033
7,23,4.729508029214321
7,24,7.537954066093898
7,25,14.602326147850444
7,26,0.7335890878090396
7,27,13.023945740978064
7,30,3.1393274478511315
7,31,2.206016260241257
7,32,2.9385616673664927
7,33,4.83897470688515
7,35,5.518484239528604
7,36,2.0
7,37,5.638855436625718
7,39,2.4610329639102013
7,40,1.3076923076923062
7,41,1.807279671548482
7,42,6.61445221445222
7,43,1.682788649880242
7,44,6.211391975202121
7,46,0.7643678160919536
7,47,1.6384615384615404
7,48,7.995564566000525
7,49,4.581132383297954
7,50,6.826786344556827
7,51,4.400847457627121
7,52,2.9894736842105267
7,54,8.432616330114135
7,55,5.286932445503714
7,56,10.456722739188741
7,57,2.535058880787873
7,58,5.562004662004651
7,59,3.563858695652173
7,60,7.689859525899886
7,62,4.128841088674268
7,63,4.188937861424756
7,64,3.5670607166316786
7,65,2.875020435857554
7,66,4.16161616161616
7,67,5.395152843746191
7,68,3.4012195121951274
7,69,2.4981119771123232
7,70,12.132653061224492
7,71,2.8882041597311403
7,73,2.1496195493122636
7,74,5.388243831640052
7,75,6.19992749595223
7,76,2.302677787532924
7,77,0.3652729384436701
7,79,0.18333333333333318
7,81,2.014513788098696
7,83,12.52642706131078
7,84,0.7023705004389823
7,85,1.7077922077922023
7,153,11.945548654244298
7,154,5.02494272583322
7,155,3.9816174164000278
7,807,2.778703439459759
7,808,2.80216300666925
7,810,6.590384615384614
7,811,2.6638140205915146
7,812,1.9927738927738927
7,813,9.02662306351887
7,814,10.612786126386917
7,815,3.4979947878180497
7,816,10.253196930946304
7,817,3.1629376662338453
7,818,1.5313481914504925
7,819,1.3509724106739052
7,820,0.7118950701040229
7,821,2.662265937844139
7,822,2.406998234076239
7,823,2.37320044296789
7,824,1.147278314310798
7,825,4.584539378648439
7,826,2.5592587192837106
7,828,1.458288012962973
7,829,0.8466200466200468
7,830,1.091247998225897
7,831,1.1495829675153644
7,832,3.455068742381029
7,833,0.963032581453632
7,835,3.1093989769820993
7,836,0.6166593503072884
7,837,1.4064969271290615
7,838,2.193257978168465
7,839,2.204284150487913
7,840,5.336572890025576
7,841,2.653452685421989
7,842,3.060974756646018
7,844,4.972861553328787
7,845,1.882517482517479
7,846,1.6593944099378883
7,847,0.6518454948494661
7,848,2.9924983029066605
7,849,1.0840579710144918
7,852,7.586493987049024
7,854,0.2352941176470588
7,855,0.5664596273291913
8,1,4.891718426501038
8,2,1.4209374214482038
8,3,1.560831877635331
8,4,1.982458442659943
8,5,3.9751065643648777
8,6,1.4117647058823537
8,7,2.1858482523444174
8,8,2.6220693423827983
8,9,1.456418219461698
8,10,5.488405797101448
8,11,3.547100129356208
8,12,2.0432712215320903
8,13,3.5026065411703855
8,14,1.4020919162646772
8,15,1.5480505563112352
8,16,0.44865188125866795
8,17,4.1672552967100716
8,18,1.4921494378916036
8,19,
8,20,4.14989648033126
8,21,2.08138671367262
8,22,2.214815406839064
8,23,4.884669830556335
8,24,4.213981244671767
8,25,1.5495957454194924
8,26,1.463367261704859
8,27,0.8386701011810773
8,30,0.6142938185766097
8,31,1.8702758916935285
8,32,1.960571184995737
8,33,1.677295341474443
8,35,1.2647838182833866
8,36,1.986431478968793
8,37,3.805354357148598
8,39,0.3759906759906753
8,40,0.1723484848484854
8,41,2.6418720657277
8,42,2.24467178175618
8,43,1.3853367433930093
8,44,1.5396107603199471
8,45,0.4192672998643161
8,46,0.1625000000000016
8,47,0.2559139784946225
8,48,3.394872325741892
8,49,1.3431809131880494
8,50,1.6845433736482305
8,51,4.499773857982793
8,52,2.858435097241072
8,54,1.081690140845069
8,55,1.5401166661806587
8,56,4.116504317950974
8,57,1.4570601386094344
8,58,0.29859335038363116
8,59,0.4044117647058826
8,60,4.279569892473116
8,62,5.9929762949956205
8,63,2.988765239566696
8,64,3.0841476878601055
8,65,7.279507541051037
8,66,2.1528846153846155
8,68,5.311676840705251
8,69,8.164011656143755
8,70,1.0538461538461557
8,71,4.427062595085864
8,73,2.7725117220801354
8,74,1.8524390243902409
8,75,0.7348557692307671
8,76,0.7803030303030304
8,77,0.3331377151799692
8,79,4.317320722755502
8,82,1.3307692307692254
8,83,3.1628303495311085
8,84,0.8837022132796769
8,85,0.0
9,1,3.548001455144631
9,2,4.302141353913461
9,3,2.891429426145876
9,4,3.435109941745662
9,5,5.287927337117885
9,6,8.304300603935324
9,7,2.3794112639816904
9,8,2.704059170180303
9,9,4.786291981084373
9,10,1.6502909956501597
9,11,5.353350524177188
9,12,2.190611416980586
9,13,7.653952213659683
9,14,4.317440244768258
9,15,3.9720143079417314
9,16,2.1038674587160164
9,17,4.696675538184633
9,18,3.0868101884488235
9,19,6.063865546218488
9,20,8.342384596055489
9,21,5.809869580583603
9,22,4.662564567847372
9,23,5.115159981622089
9,24,2.526880457251866
9,25,7.195112122796756
9,26,2.3645320197044337
9,27,1.7898963998736352
9,29,0.7755102040816322
9,30,9.993429639089221
9,31,2.243926553672317
9,32,1.8271965712059235
9,33,0.6403508771929828
9,35,2.344748818017279
9,36,0.1885964912280697
9,37,3.6181128417861594
9,39,0.1844897959183676
9,40,0.3996753246753244
9,41,2.731010452961672
9,42,16.950604838709676
9,43,9.215371127995324
9,44,8.130446376388079
9,45,1.6077705827937094
9,46,1.5009740259740236
9,47,0.8201970443349771
9,48,3.937816194489724
9,49,4.001123126674685
9,50,4.043245596903811
9,51,2.319721718088323
9,52,16.603156049094096
9,54,0.1666666666666664
9,55,3.704222679546504
9,56,2.9082737736732374
9,57,7.969405797599495
9,58,7.689050211736228
9,59,1.323513525192292
9,60,5.807714786674447
9,63,6.0622812862815305
9,64,3.358591538622607
9,65,5.187767059054141
9,67,2.3475625231584925
9,68,4.327757874309595
9,69,0.0
9,70,1.7728813559322036
9,71,1.9647605988400858
9,73,1.2298850574712605
9,74,2.034482758620688
9,75,12.157473424941665
9,76,4.915918367346942
9,77,3.31584699453552
9,79,0.4545454545454548
9,82,7.6563823351482
9,83,2.1619047619047533
9,84,1.1118644067796606
9,153,7.699486047468261
9,154,8.107489030724325
9,155,6.057077551300243
9,807,3.0429532428355963
9,808,4.777337858220217
9,810,1.0000000000000004
9,811,2.152337858220212
9,812,0.6616326530612245
9,813,7.165462915935602
9,814,8.611357466063348
9,815,6.5932812087032024
9,816,3.795918367346932
9,817,3.473945720299955
9,818,6.627221144868205
9,819,1.4497134238310674
9,820,1.907640902514855
9,821,3.7686006368359295
9,822,2.2488596852064346
9,823,1.2594268476621406
9,824,2.2084087481146333
9,825,3.150511215986519
9,826,2.515713234344688
9,828,7.2490877594439525
9,829,0.6513605442176883
9,830,1.4814632380265373
9,831,6.1749019607843145
9,832,2.7688587662615176
9,833,1.2253401360544205
9,835,2.7027027027027
9,836,1.499863945578233
9,837,4.201086956521738
9,838,2.472288915566226
9,839,2.2949499924710017
9,840,2.205060749574556
9,841,2.9906825037707376
9,842,4.785683760683759
9,843,
9,844,1.544955589073237
9,845,2.241327300150824
9,846,2.3438159879336355
9,847,1.2837217194570134
9,848,7.604323780794371
9,849,1.6666176470588216
9,852,6.267533936651581
9,853,0.5749019607843132
9,854,3.2259049773755644
10,1,8.582132963429606
10,2,4.575257632612735
10,3,2.1977928539122566
10,4,2.9611135134179913
10,5,3.2287916064035422
10,6,1.82496607869742
10,7,2.240162822252374
10,8,3.3595974537255766
10,9,3.5367346790854235
10,10,3.83996848739496
10,11,2.800087454034823
10,12,50.16644052464947
10,13,3.6555176542466654
10,14,1.489441750771466
10,15,6.821463416882184
10,16,3.1384755924806598
10,17,2.0018823290751704
10,18,6.161155684030441
10,20,1.475091691923264
10,21,7.034294185968298
10,22,5.299716208104545
10,23,3.92002487562189
10,24,3.8245775058275027
10,25,1.8671445639187596
10,26,0.7962703962703965
10,27,1.8110504079254097
10,29,1.5087719298245623
10,30,0.8092096158876881
10,31,2.021920308763268
10,32,1.8711581950387914
10,33,0.8044013278388313
10,35,2.089994974250244
10,37,3.249122260997263
10,38,1.1879160266257036
10,39,1.499751984126987
10,41,6.889707000233318
10,42,2.646153846153843
10,43,1.362520101993787
10,44,4.453634446948404
10,45,2.530465949820785
10,46,1.112903225806451
10,47,0.9962982548915896
10,48,6.7152777777777874
10,49,2.574940659775421
10,50,5.336715014093814
10,51,0.6666666666666666
10,53,0.5481226864093074
10,54,5.537549407114624
10,55,6.497750078784563
10,56,5.1001562786199
10,57,0.36464905464905467
10,58,4.826153846153842
10,59,5.518022412397109
10,60,11.461616161616176
10,63,5.700867650867647
10,64,1.0604105450407626
10,65,1.3462564462564464
10,66,1.3833992094861645
10,67,
10,68,2.5487365347830426
10,69,4.437103594080337
10,70,1.6000000000000023
10,71,1.6236016244737173
10,73,5.139006342494708
10,74,2.121816168327793
10,75,4.241810966810972
10,76,1.5384615384615383
10,77,0.3353764122056804
10,79,2.1310704296974334
10,82,2.695560253699788
10,83,3.0155038759689927
10,84,4.556025369978857
10,153,4.803962703962691
10,154,3.68808114335913
10,155,3.051445931763098
10,807,3.2534833805454393
10,808,2.00909090909091
10,810,1.1444897959183662
10,811,4.528852688530099
10,813,7.739044289044289
10,814,1.6766169154228865
10,815,4.121086003548692
10,817,6.533352275143324
10,818,3.397536791566643
10,819,2.756249999999989
10,820,1.297115384615387
10,821,3.694172494172495
10,822,0.6334942110128676
10,824,1.8004662004661998
10,825,9.069923670856502
10,826,13.721105208314507
10,828,3.5892872467499273
10,830,1.0144439239588496
10,831,2.236842105263156
10,832,5.041035167154576
10,835,1.871153846153852
10,836,1.4413461538461565
10,837,1.8999999999999968
10,838,6.976481230212581
10,839,10.033016734509276
10,840,17.01167852391319
10,841,3.4322916666666656
10,842,8.114530551415804
10,843,9.075531433740387
10,844,3.7742424242424266
10,845,2.52
10,846,5.333333333333336
10,847,4.872023809523803
10,848,9.874751984126991
11,1,4.020616467931045
11,2,1.4398634483045856
11,3,2.040769187849884
11,4,4.4927934476406675
11,5,2.293714827746396
11,6,3.466648398489823
11,7,2.013116236996836
11,8,3.458947281349035
11,9,7.903839484390693
11,10,3.8016027234716376
11,11,1.6891014760243124
11,12,3.5279503105590067
11,13,2.820625314349767
11,14,1.691388791778734
11,15,2.061573235050938
11,16,3.41242734824233
11,17,2.376466949561578
11,18,3.449445491159434
11,19,2.464655172413794
11,20,2.1305986450052283
11,21,4.019254407207885
11,22,2.6835299699607105
11,23,3.205537334384553
11,24,1.8406505568823488
11,25,1.031954103463727
11,26,2.331235431235433
11,27,4.741546504764314
11,29,1.5451048951048945
11,30,2.056512397446911
11,31,2.5008284337567144
11,32,1.857148083113842
11,33,6.626811745468454
11,35,2.345624569487193
11,37,1.1331445325816707
11,38,0.4738461538461541
11,39,1.0169698502863198
11,41,2.001949045820012
11,42,2.4262574595055404
11,43,13.301799824407368
11,44,5.530485988662737
11,45,1.0195035460992914
11,46,3.654312354312358
11,47,2.9169121931989523
11,48,1.5037023324694565
11,49,2.2628361479712265
11,50,1.94736814682392
11,51,2.0238095238095246
11,53,5.492773892773898
11,54,0.2678571428571416
11,55,4.38295315339404
11,56,3.615065565078854
11,57,0.6999278499278496
11,58,4.220789914338302
11,59,0.2727272727272714
11,60,0.764705882352938
11,63,2.5163840868732477
11,64,3.498715895407541
11,65,1.684349909813244
11,66,0.8695495495495467
11,67,3.900824097755043
11,68,1.6336291402044723
11,69,1.010090090090091
11,70,4.988888888888891
11,71,0.7997265892002734
11,73,4.687893372824885
11,74,0.923076923076927
11,75,4.3413012774945
11,76,0.0
11,77,3.312850663590797
11,79,5.234045610137889
11,81,0.0
11,83,1.1014492753623135
11,84,0.0
11,86,6.106138107416881
11,153,3.1447144075021285
11,154,5.389768258350041
11,155,3.963391019790605
11,807,2.70567080409964
11,808,1.663232860839462
11,810,0.8543123543123522
11,811,2.4466102410523543
11,813,4.29255316403005
11,814,1.6047185644849185
11,815,3.192703342225821
11,816,1.9653846153846195
11,817,3.706635310621192
11,818,4.686395025239168
11,819,2.26521137627371
11,820,2.2232215463024305
11,821,4.579272920014196
11,822,6.9130426459994965
11,823,3.579236172080764
11,824,1.7930031312861394
11,825,6.078043391269552
11,826,4.682559601820394
11,828,2.951648134919119
11,829,1.1427884615384605
11,830,2.065255450006089
11,831,5.1214833759590705
11,832,1.6879472478011104
11,833,3.0167345092718207
11,835,4.178815004262578
11,836,1.500877963125547
11,837,2.8487708516242343
11,838,3.1684782608695667
11,839,2.1727073438070876
11,840,1.410311122502213
11,841,0.5388127563376633
11,842,3.333355255145539
11,843,2.937340153452685
11,844,3.7945033085698046
11,845,0.9964881474978085
11,846,2.506737912556327
11,847,1.7320179109930816
11,848,2.4694393699508796
11,849,3.329314002635613
11,852,3.194609160990808
11,853,0.3333333333333335
11,854,4.499573742540496
11,855,7.042199488491043
12,1,0.9696744386218071
12,2,2.1787669932406772
12,3,2.037218045112783
12,4,3.7933897243107766
12,5,1.6177736006683396
12,6,4.702294394983075
12,7,2.852130325814538
12,8,1.9333472570314676
12,9,1.2128237259816208
12,10,2.527631262499683
12,12,4.583333333333344
12,13,8.642545283663706
12,14,0.9555194805194792
12,15,1.0230230452176836
12,16,1.7472770062628857
12,17,7.006983367509685
12,18,2.344562542720438
12,20,5.160114218352205
12,21,1.9733652312599683
12,22,1.2079260651629073
12,24,0.5010449341382807
12,30,14.084117490696437
12,37,3.877674299384821
12,39,1.3038833982230265
12,67,1.2498737142190275
12,69,0.5090909090909097
12,153,4.434402293612819
12,154,1.1981829573934775
12,155,18.719514695830494
12,807,4.160893304690299
12,808,3.6426995519100767
12,810,1.340259740259742
12,811,11.818834333308018
12,812,1.4626262626262587
12,813,4.920930166324898
12,814,6.385574732285256
12,815,11.13678229665072
12,816,0.1885521885521886
12,817,16.384085213032588
12,818,1.6261538461538458
12,819,7.67919799498746
13,1,2.2294657097288675
13,2,2.9265154741898933
13,3,2.792902446390819
13,4,4.072377770190503
13,5,5.0172233230939955
13,6,2.6352939695962965
13,7,0.8007399577167018
13,8,2.4699276456900168
13,9,1.2578626799557033
13,10,3.5208533761568335
13,11,3.152696141068232
13,12,2.5641025641025643
13,13,4.471023267534897
13,14,4.254755660966537
13,15,5.774511782931588
13,16,2.6267923659950254
13,17,4.5172656800563775
13,18,4.094984948664685
13,19,1.8361629535535102
13,20,5.318027041339576
13,21,2.477960487595739
13,22,5.200957278690239
13,23,3.9765052938018055
13,24,2.3119567770730565
13,25,3.2876715168096755
13,27,5.440766550522636
13,29,2.634675014907575
13,30,2.5618793398286006
13,31,1.1479600758670527
13,32,3.4951676230745976
13,33,12.073089700996675
13,35,5.853694964596129
13,37,2.064494573958055
13,38,3.395121951219497
13,39,5.198609997326931
13,41,2.6744297361427236
13,42,6.643463497453313
13,44,3.7321015560746655
13,47,1.5079365079365088
13,48,2.663898117386494
13,49,2.958777159912591
13,50,5.003106460343128
13,55,6.295190653724036
13,56,4.313398603979999
13,57,0.7539263062518877
13,58,3.4811300864431804
13,59,0.6100840336134458
13,60,2.198025551684088
13,63,4.070889962750426
13,64,4.148722051782026
13,65,3.907571039353986
13,66,3.004429678848284
13,67,6.367606295513266
13,68,0.1777777777777779
13,69,0.39609760394644167
13,70,1.5449260042283286
13,71,4.982213759014667
13,73,2.882613510520488
13,74,0.98529411764706
13,75,1.9893387314439948
13,76,8.541528239202655
13,77,5.893234672304439
13,79,1.8274220816052926
13,81,3.253699788583509
13,83,4.038759689922486
13,84,0.999108734402852
13,153,10.115750528541245
13,154,3.558697963857846
13,155,8.362579281183933
13,807,3.643710859272808
13,808,1.3035588442565202
13,810,1.5725900116144045
13,811,5.797463002114164
13,813,17.14139107017014
13,814,5.920724237003305
13,815,5.177604802080128
13,816,0.4772978959025482
13,817,3.7750753546903537
13,818,3.9210711768851287
13,819,1.1821013289036562
13,820,1.1547619047619015
13,821,3.7124735729386895
13,822,3.642567703614216
13,823,1.8039867109634544
13,824,0.736261494523426
13,825,4.463187642921863
13,826,3.616711131246014
13,827,
13,828,1.1501006745192792
13,829,0.325203252032525
13,830,2.101291150709755
13,831,1.1146179401993344
13,832,2.363704435646249
13,833,0.3972125435540066
13,835,4.8306025369978896
13,836,0.0
13,838,2.0009438236182415
13,839,2.150276854928019
13,840,3.585316621363133
13,841,3.0014518002322883
13,842,6.372225158562366
13,843,1.5681063122923595
13,844,6.773431994362224
13,845,0.8194905869324487
13,846,1.4032937346890852
13,847,0.47327650816022887
13,848,5.071529245947851
13,849,2.329193093727977
13,852,7.126321353065543
13,853,
13,854,1.3920265780730905
13,855,2.4820295983086678
14,1,6.118500697230998
14,2,2.8692678555053672
14,3,6.791836158169123
14,4,2.141606631290791
14,5,1.348354914292761
14,6,4.123367198838899
14,7,0.3906485671191551
14,8,4.45967516791123
14,9,5.6229954391045265
14,10,3.1123463388258057
14,11,7.742286576168932
14,12,11.615384615384611
14,13,4.525921950783217
14,14,4.393189694908617
14,15,4.206553488137613
14,16,2.274904291663448
14,17,2.4997186674175684
14,18,2.8694316012064935
14,19,1.6270739064856703
14,20,3.481401428204906
14,21,4.413129437463513
14,22,3.186472295739776
14,23,1.049195975082417
14,24,0.5351960054374035
14,25,2.1780846727907353
14,26,0.7903469079939697
14,27,0.4215686274509812
14,29,0.38745768392827246
14,30,2.6317405381266052
14,31,0.5127880767031708
14,32,5.158496732026142
14,33,1.1516645939559786
14,35,2.1112748252962827
14,37,3.4828883907597628
14,38,1.1231372549019611
14,39,0.7592383107088982
14,41,4.401212707627802
14,42,10.927068214804065
14,43,0.0
14,44,3.6803959851962063
14,45,1.363636363636364
14,46,6.167487684729068
14,47,0.7449819927971182
14,48,0.7870350607587011
14,49,2.956687342786386
14,50,4.350365326529824
14,51,0.0
14,53,1.0125490196078422
14,55,1.095966988246679
14,56,4.099321446942448
14,57,3.9224672308088397
14,58,4.96489795918367
14,59,2.5256038647343004
14,60,0.4475867269984915
14,61,5.853318250377079
14,62,3.7975053929784552
14,63,5.137649737741259
14,64,1.8610985419808976
14,65,1.4205476409694688
14,66,13.397435897435896
14,67,1.9750880754444051
14,68,7.924843783667314
14,69,0.351778656126481
14,70,4.304063860667636
14,71,1.9713456104555367
14,73,7.188272642390288
14,74,14.014117647058816
14,75,3.455128205128211
14,76,2.3032258064516125
14,77,0.9283986453797773
14,79,2.1699509803921573
14,81,4.455505279034692
14,83,6.606060606060603
14,84,1.7910014513788086
14,86,4.0
14,153,1.5171568627450966
14,154,3.5386678619198033
14,155,4.26204915444649
14,807,2.148930985392061
14,808,2.5375935570164203
14,810,0.4526530612244898
14,811,3.8958560246018643
14,813,3.1852998093286624
14,814,3.7114317425083243
14,815,6.266889713742839
14,816,2.8657474600870847
14,817,3.695240135469876
14,818,0.9490203193033383
14,819,1.2675339366515845
14,820,0.5642911010558069
14,821,4.987672955974833
14,822,4.372687754347022
14,823,0.4856711915535453
14,824,0.46134992458521873
14,825,3.258575862585897
14,826,4.363515806869936
14,828,2.15592649367439
14,829,0.7325490196078455
14,830,6.275532296122491
14,831,4.42835595776772
14,832,3.0630173896683335
14,833,0.5325490196078417
14,835,5.304187192118225
14,836,3.2012217194570134
14,838,3.2006718771424683
14,839,1.8400162212925817
14,840,4.9528010437745245
14,841,7.603377538727149
14,842,6.782095392583739
14,844,1.7359205232027701
14,845,1.2168174962292633
14,846,2.5942702552719226
14,847,2.884867952986714
14,848,1.9419448476052232
14,849,5.665620820171314
14,852,2.5441176470588225
14,853,0.6524390243902451
14,854,7.096516690856313
14,855,4.354862119013068
14,856,3.784470246734396
15,1,3.6543500222660255
15,2,3.713991034051428
15,3,6.884711073834492
15,4,3.7387949786011454
15,5,3.897911737598683
15,6,1.4666666666666677
15,7,4.320765027322406
15,8,6.13097732969761
15,9,7.680191256830601
15,10,4.6983429585341705
15,12,0.3076923076923077
15,13,14.160468431674136
15,14,20.53661202185793
15,15,9.694902220688776
15,16,3.6395562681868294
15,17,7.440553845478585
15,18,2.9182583467044805
15,20,2.689900544425388
15,21,17.076502732240442
15,22,1.147572814792875
15,24,1.4956849089937947
15,30,5.736078914818137
15,32,0.5698924731182804
15,37,5.805505142165757
15,39,0.8229885057471248
15,67,3.0216151781063423
15,153,3.674541152623275
15,154,7.445608389273031
15,155,3.4533671017598544
15,807,6.606639933172852
15,808,2.848735490586978
15,810,2.635885447106944
15,811,5.8125633829362
15,813,4.585566228714329
15,814,5.5383858103190065
15,815,5.702717375646911
15,816,1.310344827586208
15,817,4.771219728738839
15,818,2.648027124388248
15,819,4.564776933567122
15,820,1.6806156243911894
15,821,4.804034799063646
15,822,2.0181685121900523
15,823,1.3966101694915265
15,824,1.2836158192090412
15,825,4.5462776403928515
15,826,2.2831869963878852
15,828,3.070165086317939
15,829,2.233781414377551
15,830,7.907886545751855
15,831,2.680705288506066
15,832,5.113694638351796
15,834,2.2010520163647
15,835,1.8610471971864224
15,836,2.2090954949005805
15,838,3.249133829606155
15,839,1.8080171302989634
15,840,6.652078012192336
15,841,17.78196721311475
15,842,6.153549783411528
15,843,1.2779661016949129
15,844,2.2111589639097273
15,845,5.106370543541783
15,846,2.2345049550801153
15,847,1.584289936070121
15,848,2.3859289617486317
15,849,0.5714285714285715
15,852,1.1550802139037433
15,854,1.4812462189957651
15,855,0.1666666666666663
16,1,2.817051108095888
16,2,6.454639499182412
16,3,4.8204951587147775
16,4,5.129287045923376
16,5,5.004748982360926
16,6,1.6326340326340218
16,7,3.009950248756219
16,8,21.194708276797854
16,9,4.6650836725463565
16,10,18.26666666666667
16,11,5.015384615384613
16,12,5.462234283129803
16,13,26.187019448213483
16,14,7.225237449118042
16,15,5.98369516056083
16,16,4.960929928280672
16,17,4.643894165535959
16,18,19.41270396270397
16,19,4.959119496855345
16,20,4.06951605608322
16,21,2.651004716676359
16,22,7.061648053439093
16,23,7.517171717171712
16,24,30.83627317955672
16,25,1.093567251461988
16,29,6.558741258741264
17,1,4.564505609333197
17,2,4.532050665384
17,3,4.136951995656971
17,4,5.098804713804714
17,5,9.173002320464139
17,6,4.8239152320547705
17,7,4.181168831168831
17,8,5.216445163924155
17,9,4.231042908873097
17,10,4.841932396743718
17,11,7.438045723339847
17,12,1.7152422699592496
17,13,7.680050315812686
17,14,4.443246753246752
17,15,4.840593336011294
17,16,5.581844905562738
17,17,8.415894660894665
17,18,4.451666851666852
17,19,3.4545454545454506
17,20,5.378171828171829
17,21,4.863383838383844
17,22,2.8379178691678693
17,23,4.205088293302581
17,24,2.031140167775389
17,25,8.840404040404051
17,26,10.698316498316492
17,27,3.266291584848745
17,29,3.0242394490452185
17,30,4.678555395222063
17,31,15.16905467720685
17,32,6.545292207792213
17,33,4.184824597324598
17,35,2.9117845117845134
17,37,3.044203944203945
17,38,9.089225589225572
17,39,2.2379704502345965
17,41,6.828571428571427
17,42,2.3723905723905725
17,44,2.2538720538720463
17,46,0.5611664295874814
17,47,1.2119013062409307
17,67,4.404870129870131
17,153,6.380663780663783
17,154,5.284758297258299
17,155,3.869207952541283
17,807,4.499852359574582
17,808,3.895402437069102
17,810,0.125
17,811,3.0479807055278734
17,812,0.4868024132729992
17,813,4.543609908609906
17,814,4.608441558441557
17,815,5.274806263695152
17,816,0.9433962264150928
17,817,5.7018353174603185
17,818,4.672799422799422
17,819,2.0377104377104374
17,820,1.344609618194522
17,821,4.876823793490463
17,822,1.634693877551021
17,823,0.4962962962962954
17,824,1.2215488215488222
17,825,2.490784030784032
17,826,2.878178926658122
17,828,2.3746340766152083
17,829,1.4622641509434062
17,830,3.760042310630547
17,831,2.1941317941317964
17,832,3.690103415103411
17,833,0.5604472396925255
17,835,10.469696969696974
17,836,25.00202020202021
17,837,12.203367003367006
17,838,1.9939362108479757
17,839,2.71002886002886
17,840,3.5076719576719566
17,841,1.2855218855218855
17,842,1.2530844155844147
17,843,0.72313725490196
17,844,2.029058441558443
17,845,3.4178571428571414
17,846,1.224489795918367
17,847,2.438853948287911
17,848,4.940740740740735
18,1,3.216130093843529
18,2,3.6998878762834706
18,3,3.1928812588151225
18,4,3.812924855633468
18,5,4.2335773256026235
18,6,4.201061794032955
18,7,5.638923395445127
18,8,3.195476529293925
18,9,2.434933271124329
18,10,3.925071966324802
18,11,2.5820410270660616
18,13,3.8206833393771036
18,14,2.8064322607777803
18,15,4.335474573563041
18,16,4.844297732574662
18,17,3.07816398547656
18,18,3.5744987934057084
18,19,1.6758121158911343
18,20,4.543368025021377
18,21,7.6670975321774275
18,22,3.059038170704444
18,23,5.62387997279654
18,24,3.6418121824136462
18,25,3.052718889828503
18,26,2.374534161490684
18,27,1.026823772987456
18,29,1.1562233589087811
18,30,5.951009941370366
18,31,7.914474608800683
18,32,2.252507502443562
18,33,3.1175777381659713
18,35,4.911515624222982
18,37,5.301761952131177
18,38,3.189985164026088
18,39,2.576901299130946
18,41,1.965881135062723
18,42,16.666666666666664
18,43,7.95137880986938
18,44,4.757630558152714
18,46,0.7951153324287646
18,47,1.149253731343285
18,48,7.123149905123336
18,49,4.170047492241382
18,50,4.091756173664167
18,51,2.266666666666668
18,52,0.4926470588235286
18,54,1.774712643678161
18,55,4.933112087518599
18,56,5.5722608721883
18,57,1.9977270234768596
18,58,6.365232660228289
18,59,4.725229741019209
18,60,7.214001351155721
18,62,3.5101763907733936
18,63,3.205547836607602
18,64,5.324179793134318
18,65,5.159907229110274
18,66,4.407692307692309
18,67,3.1899765744223783
18,68,8.311807331628293
18,69,11.132066938037063
18,70,3.858250276854928
18,71,5.506569670853051
18,72,9.797849462365589
18,73,0.6586456488950074
18,74,4.695031712473572
18,75,1.6569416498993963
18,76,1.2057971014492737
18,77,0.7657529794149514
18,78,3.878470824949698
18,79,6.908277723218355
18,83,13.967295873573311
18,84,2.015873015873017
18,85,0.3953846153846161
18,153,2.86473429951691
18,154,3.896696776511998
18,155,6.79550710057446
18,807,5.095894454044405
18,808,3.5674258109040724
18,810,2.246694870438914
18,811,5.1739130434782625
18,813,5.335325688803955
18,814,4.147622895145514
18,815,2.8000828157349904
18,816,0.8050921861281816
18,817,5.859224018775317
18,818,9.046741317470035
18,819,3.7109394550844836
18,820,0.6858482523444158
18,821,5.104374144646802
18,822,3.816739869842424
18,823,1.499999999999999
18,824,1.4629156010230149
18,825,3.751710261569415
18,826,7.354557052459682
18,828,3.634673640623297
18,829,0.244233378561737
18,830,4.317540022745164
18,831,11.31439798209547
18,832,4.950145802350333
18,834,0.4866576209859755
18,835,6.5552631578947365
18,836,4.916617093867552
18,838,4.149275362318847
18,839,6.033354474674132
18,840,3.699202137373182
18,841,2.899304522788905
18,842,3.8860408829790343
18,843,3.54557254339863
18,844,7.332510205463554
18,845,1.9386189258312116
18,846,8.74008659271016
18,847,2.518521758570746
18,848,3.6209255533199203
18,849,1.5541845274545831
18,852,3.6248447204968905
18,853,2.836317135549876
18,854,3.8667859672956735
18,855,4.742052313883301
19,1,0.3337138508371385
19,2,4.719247657003096
19,3,2.21914840668241
19,4,0.7360476516863906
19,5,3.40296803652968
19,8,19.07511893846226
19,11,1.113195557550902
19,13,0.6761796042617962
19,14,7.415551903042254
19,15,6.558753830579995
19,16,2.8684104627766605
19,17,6.109286187948678
19,18,9.276397644331098
19,19,5.367762128325512
19,20,0.502283105022831
19,21,4.361726211657676
19,22,2.150134991291519
19,23,6.7351372378751835
19,24,3.790859119206508
19,25,5.58020344287949
19,26,0.6784708249496985
19,27,0.7360456248392566
19,30,0.9526527505979564
19,31,5.16250198535275
19,33,2.0
19,35,3.208902236284896
19,37,5.163338330943967
19,39,0.1109154929577468
19,40,0.2169014084507046
19,41,7.243150684931511
19,43,2.8595662208545374
19,44,9.026706120793762
19,47,3.192546583850931
19,48,4.990414710485135
19,49,6.406167503498925
19,50,6.467365921151685
19,51,6.655130784708249
19,52,3.274822695035453
19,53,6.153452685422008
19,55,10.044872186888448
19,56,6.895646200898947
19,57,2.559726027397258
19,59,1.0070422535211283
19,60,18.27819988310929
19,61,7.602503912363062
19,62,0.4144968767394376
19,63,1.329371654765192
19,64,3.7024647887323936
19,65,15.633607198748052
19,66,2.7839034205231408
20,1,2.6136197155659433
20,2,5.543534761280522
20,3,6.5304597701149465
20,4,2.9216466041750984
20,5,5.61211869533565
20,6,9.392937853107346
20,7,0.1732026143790846
20,8,3.397475929392452
20,9,5.616384180790967
20,10,4.713635784376194
20,11,3.09281291757664
20,12,5.559322033898307
20,13,2.3048209085689093
20,14,1.411451881524962
20,15,3.9279079093474323
20,16,14.550141242937855
20,17,7.378417707404106
20,18,4.031291235944047
20,19,3.625949736995911
20,20,3.9699858757062154
20,21,3.274734185010972
20,22,2.5763562680687615
20,23,3.7542299510031856
20,24,11.912396323851612
20,25,3.8532725663321616
20,26,10.039158386908243
20,27,1.8401887609145549
20,28,47.85897435897436
20,30,2.2002002199733077
20,31,3.1489553577964124
20,32,2.760417343117516
20,33,3.0195561229198056
20,35,2.7025212693121548
20,36,0.4482758620689674
20,37,6.693195743330246
20,39,0.9461584996975224
20,40,1.25422077922078
20,41,6.523798076923071
20,42,4.166569257744013
20,43,4.390420899854861
20,44,3.6903639909327435
20,45,1.3599516031457943
20,46,0.6259398496240596
20,47,0.6434837092731799
20,48,12.583720719613408
20,49,3.144165228029762
20,50,2.3366346326781917
20,51,2.2371445856019427
20,52,3.607078039927407
20,54,7.663461538461548
20,55,5.874836682985825
20,56,3.7319702648350463
20,57,4.187837814929103
20,58,0.0
20,59,1.7524421808466228
20,60,10.913461538461531
20,62,1.623670212765951
20,63,4.740643942715589
20,64,4.9415588686810725
20,65,9.181661793988686
20,66,3.0958503798947925
20,67,3.6903175530878607
20,68,1.5368486442419362
20,69,20.770682148040667
20,70,0.7111111111111121
20,71,3.6151306405037738
20,73,0.8681662087912105
20,74,1.8168831168831252
20,75,1.9105769230769232
20,76,2.1128205128205124
20,77,10.106286748077803
20,79,2.902884615384616
20,81,7.597202797202804
20,83,0.7427884615384611
20,84,1.4373586612392582
20,153,1.3477498538866155
20,154,9.069774011299435
20,155,2.48451198129749
20,807,10.237853107344629
20,808,3.6019871420222134
20,812,1.9675324675324677
20,813,5.597170270796803
20,814,7.51784531463082
20,815,5.174215858172612
20,816,2.492481203007524
20,817,2.788843577871234
20,818,1.8549783549783505
20,819,1.646990064289892
20,820,1.8427819988310945
20,821,1.2008474576271193
20,822,7.908687729913707
20,823,0.5067212156633549
20,824,1.014285714285715
20,825,3.4064971751412423
20,826,2.850564971751411
20,830,0.16271186440678
20,832,3.291242937853112
20,839,2.4502164502164523
20,841,2.699152542372884
20,842,6.813559322033902
20,844,11.30056497175142
20,846,2.448896631823462
20,847,0.7272727272727273
20,848,19.802371541501977
20,849,4.151412429378527
21,1,2.390233324659554
21,2,2.9664545458790004
21,3,0.7575356953992564
21,4,4.311062785770047
21,8,7.646398638815903
21,11,2.837347222357537
21,13,1.6255640754450924
21,14,1.7677526239342702
21,15,1.4754011489202654
21,17,4.2729590127011114
21,18,2.3473127456039333
21,20,8.45856004073878
21,21,2.4555748725115323
21,22,2.0275304466930444
21,23,1.083845370759567
21,24,2.0541159880134003
21,25,1.531799882829918
21,26,0.3781420765027325
21,27,2.1552631578947263
21,30,2.4493360444892875
21,31,1.5329875370830848
21,32,1.0052314211212519
21,33,0.9094632768361575
21,34,0.1778656126482204
21,35,5.560960096454982
21,37,2.0539017906012957
21,39,0.9043715846994534
21,40,0.2678571428571416
21,41,2.8956284153005467
21,42,3.049717514124291
21,43,2.4574828133262825
21,44,4.6164549703726765
21,45,0.0
21,46,0.9805194805194772
21,47,1.02510586811857
21,48,4.265400350672126
21,49,4.6068997170202355
21,50,3.49836322526347
21,51,0.2687747035573124
21,52,1.4149019607843132
21,54,7.203107344632771
21,55,4.1819472354427445
21,56,2.188153417799391
21,57,1.4876418397431248
21,58,7.192244897959187
21,59,4.552473192666891
21,60,5.092745045287421
21,63,3.044255429023925
21,64,3.0249282230570103
21,65,3.2667543033200106
21,68,1.8370042314007828
21,69,10.961426066627716
21,70,2.260435571687843
21,71,5.759178505692461
21,73,3.1452400436442955
21,74,6.129661016949147
21,75,1.484952084952082
21,76,0.0
21,77,0.40578597030209973
21,78,5.505464480874322
21,79,9.745482292238577
21,83,11.02349726775955
21,84,5.265873015873009
21,154,3.723502304147469
21,815,7.816862945895207
21,817,2.4672354987003318
21,822,0.48826974121746103
21,825,10.246491438726823
21,826,5.981566820276495
21,830,0.11114768488040376
21,832,3.601382488479263
21,839,3.952591088850561
21,840,1.3346022232854622
21,841,4.089217513199531
21,842,5.749691521240966
21,844,2.71821129885646
21,846,3.6108550947260603
21,847,0.9314911993718504
21,848,4.928449715863783
21,849,8.47224110867686
21,852,1.3640552995391686
21,853,0.951366120218582
21,854,0.9583729948880665
21,855,1.425700687466945
22,1,0.9004035218109371
22,2,2.4333006105022625
22,3,4.597182503255321
22,4,2.3765874446322095
22,5,2.860258544637011
22,6,4.2844702467343945
22,8,3.120767762340589
22,9,0.7894213737744741
22,10,1.4926960784313736
22,11,3.43258060844076
22,13,2.5426717378641834
22,14,5.099614994093644
22,15,2.832351813044364
22,16,4.910641045495732
22,17,5.426984466202646
22,18,3.556563437451599
22,20,6.3997128470124665
22,21,2.8058476664918057
22,22,3.6298019981538308
22,23,3.40823070265183
22,24,2.144162332567284
22,25,2.713332516189659
22,26,2.849290780141841
22,27,1.8489572144647348
22,29,1.98612244897959
22,30,2.2366299680912998
22,31,10.449201741654575
22,32,3.7259633171120377
22,33,1.6311840120663652
22,35,1.6757281731162603
22,37,2.4294503100385456
22,38,1.9042458521870314
22,39,1.3474841872232743
22,41,7.223039215686276
22,42,0.1111111111111111
22,43,4.566763425253993
22,44,2.9475163293616786
22,46,1.6718367346938756
22,47,0.7109756097560942
22,48,2.636348761103314
22,49,2.379548171603357
22,50,4.008743446096387
22,51,1.0478883861236803
22,52,1.810196078431374
22,53,0.917959183673471
22,55,1.9529519387415306
22,56,1.5846134802557494
22,57,0.5874918182076895
22,58,0.6434782608695647
22,59,2.268235294117646
22,60,5.059607843137254
22,61,2.9947735191637634
22,62,1.2192621664050216
22,63,1.924246482492545
22,64,3.1484162895927605
22,65,3.5880538944169835
22,67,1.7011083256366275
22,68,1.3769072228374573
22,69,2.875968992248051
22,71,2.6227267830209007
22,73,2.897959183673468
22,74,2.4060846560846496
22,75,4.455690143190154
22,76,0.0
22,77,6.005279034690801
22,79,0.49761368511368503
22,83,3.1689795918367416
22,84,0.6436651583710408
22,153,3.2279181505299754
22,154,2.293842827080316
22,155,3.2282267060130136
22,807,2.663406960099815
22,808,2.24769486894903
22,811,3.496761433165427
22,813,3.196218463758407
22,814,3.330430575713594
22,815,4.273313087628967
22,816,0.4470588235294106
22,817,4.518637746852134
22,818,6.315719704615762
22,819,1.408753210223801
22,820,0.9328106913606229
22,821,7.872730453777355
22,822,1.6444685070985303
22,824,9.298780487804876
22,825,7.345003742033785
22,826,4.810749512685216
22,828,4.091208039566453
22,829,1.9183673469387756
22,830,1.0062806690165171
22,831,3.854245544371592
22,832,3.9877450980392184
22,834,0.7701960784313695
22,835,3.8225867269984923
22,836,0.624336349924584
22,838,1.738310708898946
22,839,1.7770447479104523
22,840,2.1032189324836383
22,841,3.75843137254902
22,842,2.1680301778831192
22,843,3.4856711915535428
22,844,8.843600429266063
22,845,1.3092006033182524
22,846,8.119004046062871
22,847,2.992040816326532
22,848,2.329939668174962
22,849,10.850529100529094
22,852,4.698412698412699
22,854,24.322751322751326
22,855,8.448412698412698
24,1,0.8881485540741438
24,2,3.4026936026936045
24,3,5.063314184068903
24,4,3.5074454752778323
24,5,2.716223556317894
24,6,0.941414141414143
24,8,3.2871304237341983
24,9,4.542630628165221
24,10,1.306498207668311
24,13,3.7211080935137546
24,15,2.7213389939694
24,16,3.8488202782542396
24,17,3.493888433888434
24,18,3.7769650117527482
24,20,6.006749840489524
24,21,0.9336128581411576
24,22,7.014655993901278
24,24,0.8226114556303211
24,30,1.731649831649832
24,32,0.6132075471698104
24,37,2.6545454545454428
24,39,0.1428571428571425
24,67,6.696107271545867
24,153,5.393420578955169
24,154,8.141122559571196
24,155,10.65324372956218
24,807,5.882004229174037
24,808,5.379264341528493
24,810,0.657474600870828
24,811,5.551180405897388
24,813,4.342692649768121
24,814,14.909988776655455
24,815,5.009738358446254
24,816,1.4117647058823506
24,817,3.7959903713832848
24,818,7.065201279037756
24,819,1.4030504849073626
24,820,0.2322206095790999
24,821,3.5964784109438184
24,822,4.390196196494009
24,823,0.4472396925227117
24,824,0.0957910014513787
24,825,4.043242328779287
24,826,6.580346669403274
24,828,4.168507694527997
24,829,0.7717572434553575
24,830,2.8058709750428075
24,831,2.2837176799440946
24,832,2.9972465261443637
24,833,0.4509803921568605
24,835,4.443396226415094
24,836,4.276030747728866
24,838,5.631900768693225
24,839,4.505487941002131
24,840,2.944039177148504
24,841,2.7899699299070373
24,842,3.0880102423751254
24,843,3.9456673654786845
24,844,4.175635891843131
24,845,0.8176100628930794
24,846,3.141580447952225
24,847,1.3373747023610023
24,848,1.6103579656211238
24,849,1.3373602624456182
24,850,0.3439767779390417
24,852,2.797943133696309
24,854,2.4373433583959856
24,855,3.209273182957392
25,14,1.9913928012519584
25,15,4.709399877526022
25,21,1.4753648703817104
25,22,5.398152846223881
25,23,4.669876582728696
25,25,3.2386541471048504
25,30,2.3659598897734226
25,35,1.6090197966751416
25,44,5.950245879921724
25,49,2.4585008708162945
25,50,3.279619252985614
25,55,1.8676969222743864
25,56,1.327725612936879
25,57,2.9618270049144773
25,58,2.6723484848484835
25,63,3.922792309412028
25,64,3.867496827201261
25,65,2.8811053114176217
25,68,1.2937888198757763
25,69,1.1141304347826084
25,71,1.3883012722801453
25,73,3.889250995661089
25,74,3.015873015873016
25,75,6.685796057553453
25,76,7.688617509941041
25,77,6.089770948925878
25,78,8.833077316948293
25,79,3.3516909766909775
25,83,6.502024291497966
25,84,4.360071301247771
25,85,21.23827791986365
26,14,1.7472293265132126
26,21,4.760974539069354
26,22,0.4241379310344829
26,23,4.551797040169139
26,30,0.4653098982423683
26,35,0.8158567774936065
26,44,6.630434782608698
26,49,2.881074168797954
26,50,2.465978928884986
26,55,1.3889376646180904
26,56,1.6845694799658988
26,57,1.0323955669224223
26,58,5.308823529411763
26,63,7.043020193151888
26,64,0.2181818181818182
26,65,5.365728900255754
26,71,0.8094357076780756
26,75,8.519181585677721
26,76,1.32225063938619
26,77,3.430946291560105
26,79,3.879719051799816
26,82,6.927129060579479
27,14,8.942054433713789
27,22,3.387804878048781
27,30,0.6875776397515526
27,35,1.635817805383023
27,44,4.940323955669224
27,49,8.067774936061372
27,50,0.6466234967622568
27,55,1.060869565217392
27,56,0.4604554865424428
27,57,2.0995475113122173
27,63,1.4825234441602722
27,64,0.9913043478260836
27,65,2.689258312020458
27,71,0.2751552795031056
27,73,1.6938037087290831
27,77,0.584679089026915
27,79,5.033362598770826
27,83,2.7774038461538377
27,84,2.7612958226768987
27,86,2.7774038461538377
32,1,2.740188126689745
32,3,0.1382293762575453
32,4,1.7262334424185763
32,8,3.8700179835247392
32,9,1.3316283034953111
32,13,4.383749842047453
32,18,2.9587029422914317
32,20,4.75774315815032
32,154,2.4906874500172527
32,807,2.186766669925778
32,813,2.0837022132796754
32,815,1.5564003228972454
32,817,5.714631624386377
32,821,2.8869565217391253
32,822,2.0898816354465852
32,825,2.944562172695163
32,826,1.916744913928012
32,828,7.179745994719342
32,829,0.7352941176470538
32,830,4.4545559068697935
32,831,3.52702953034761
32,832,3.313243387278678
32,834,1.4015345268542143
32,835,8.493788819875768
32,836,1.5758738277919817
32,838,5.492735355011571
32,839,2.2911314090853727
32,840,2.66164900742906
32,841,4.477536231884061
32,842,3.503945788970821
32,843,4.042281800276333
32,844,1.5996575788919363
32,845,1.822676896845694
32,846,13.39913421582016
32,847,2.3662717424181365
32,848,3.11259732306884
32,849,1.2073742540494479
32,852,3.8791836734693854
32,853,5.58625987708516
32,854,0.8614906832298186
32,855,3.1985507246376845
34,1,0.16092162554426703
34,4,3.698061668789436
34,8,3.5368702391454896
34,9,0.76078431372549
34,20,6.147677793904202
34,154,3.684520677680732
34,807,2.789226358177525
34,815,1.3889667542553237
34,817,3.1716291015680587
34,822,3.6759796806966634
34,825,4.168590621698281
34,826,5.784313725490197
34,828,3.0633484162895925
34,830,0.46679970972423807
34,832,7.976052249637158
34,838,2.413273001508295
34,839,3.9960834115939576
34,840,5.615508392429945
34,841,7.667797888386123
34,842,5.284726372406728
34,843,2.7828054298642524
34,844,5.128171333845586
34,845,1.78393665158371
34,846,3.258300369010693
34,847,2.0018432510885344
34,848,2.839149520475825
34,849,2.0325226244343897
34,852,3.105203619909511
34,853,0.9653092006033216
34,854,1.5597733287799882
34,855,1.5485661424606814
35,1,1.9412457912457917
35,2,6.481481481481479
35,3,3.278226711560045
35,4,0.9409090909090907
35,5,4.792569298858603
35,8,3.7983164983164976
35,9,1.1367003367003374
35,10,3.6686210860891344
35,13,3.3703703703703667
35,15,3.580534591194968
35,16,5.600353948635522
35,17,2.1078403078403074
35,18,9.517396184062846
35,20,0.008922558922558926
35,22,3.832323232323235
35,24,8.139531438060853
35,29,8.111756168359921
35,30,2.101106301106299
35,37,0.429166666666666
35,39,0.2060957910014507
35,67,3.861227214675492
35,153,4.23636363636364
35,154,0.8720538720538733
35,155,4.1753089066768325
35,807,2.4267115600448936
35,808,12.155280981845037
35,810,3.4900000000000038
35,811,5.874484890837088
35,813,6.678559541777932
35,814,3.0436783291855747
35,815,5.401151981026195
35,816,2.1037735849056656
35,817,4.309074667676222
35,818,5.920137758817008
35,819,2.1693260617788948
35,820,1.7023569023569056
35,821,3.608080808080808
35,822,4.880134680134673
35,823,7.600673400673404
35,824,2.309764309764306
39,1,0.7820813771517995
39,4,2.708822378716743
39,9,1.522981366459627
39,20,2.6802277432712236
39,815,8.719888777107082
39,817,0.9451710261569398
39,822,2.260358960731006
39,825,3.657081377151793
39,830,0.3035993740219093
39,832,1.6703666443103062
39,839,1.1478314330427013
39,840,1.1485371164183171
39,841,8.207039337474123
39,842,1.751050748938074
39,844,0.5026268723451819
39,846,2.6738793874357256
39,847,1.8543772938855068
39,848,5.351917057902975
39,849,1.9938617210509404
39,852,1.773045963808582
39,853,0.7902439024390253
39,854,3.343348632574081
39,855,1.7697574334898274
68,1,2.184086629001883
68,3,3.7575329566855005
68,4,2.1990583804143147
68,5,1.6435628082479723
68,8,8.360451977401127
68,10,0.2492437991530548
68,13,2.130607192758641
68,15,1.6464646464646406
68,16,3.976480615624393
68,17,1.207130766943435
68,18,2.6810182479381783
68,20,5.038041431261769
68,22,6.625529340592845
68,30,2.8494949494949435
68,37,1.2682926829268286
68,39,0.7823005790337958
68,67,1.3840579710144925
68,153,1.7574517825832845
68,154,13.648022598870055
68,155,2.40225988700565
68,807,3.218742079143423
68,808,4.749561659848048
68,811,2.018780440288331
68,813,5.857763491135787
68,814,4.1829209688940825
68,815,13.462515166740141
68,816,1.6672932330827184
68,817,5.360776942355888
68,818,5.373173582700167
68,819,0.26914085330216103
68,820,1.1243194192377493
68,821,10.235534774985393
68,822,7.903565166569264
68,823,
68,824,1.2646702964307328
69,1,0.5879870129870131
69,3,2.312532467532466
69,4,4.581384861256756
69,5,4.016624579124575
69,8,3.1461264943172833
69,9,0.2064516129032259
69,10,0.7191919191919192
69,13,1.9954778112386808
69,17,0.17978896103896125
69,18,5.9892760942760965
69,20,3.3151972101972107
69,30,8.725925925925923
69,37,0.7774283717679945
69,39,0.8193570929420017
69,154,3.9423039923039913
69,155,4.348148148148142
69,807,2.2681132048779107
69,808,1.3353535353535309
69,811,1.428246753246754
69,813,4.765193602693604
69,814,9.53316498316499
69,815,3.3382689327133774
69,817,3.391073926073927
69,818,3.0739427239427233
69,819,0.8392954704275456
69,820,0.1285814116002794
69,821,8.71648829565496
69,822,2.1830774677996914
69,823,0.2175084175084201
69,824,0.2242424242424227
69,825,5.991261434643786
69,826,4.357602857846761
69,828,2.1775252525252524
69,829,
69,830,2.0231223802652374
69,831,6.229316979316977
69,832,1.2004990379990377
69,834,5.210064935064921
69,835,2.2323232323232336
69,836,0.7585858585858573
69,838,2.3114478114478114
69,839,3.480871078606927
69,840,2.747905288282647
69,841,1.6400673400673398
69,842,5.938021783422727
69,843,1.8249158249158235
69,844,1.1185370409160726
69,845,1.7205387205387224
69,846,2.7417748917748916
69,847,1.0581847223356655
69,848,15.684902597402601
69,849,1.9614057239057205
69,852,3.80800865800866
69,853,0.6767994409503816
69,854,3.869474280087484
69,855,7.018181818181826
70,1,0.9100602847893576
70,2,5.9648479104143135
70,3,2.755466130114018
70,4,7.824077063971048
70,8,2.816124567105005
70,9,0.5028533801580316
70,11,0.8753846153846152
70,13,7.0205846266628935
70,14,5.214248883876882
70,15,3.67166728858119
70,16,5.076604554865421
70,17,10.054910867656593
70,18,2.780887488627011
70,20,3.409272041096039
70,21,4.327230528750697
70,22,2.6074706619706154
70,23,4.664996783791379
70,25,4.435525228666685
70,30,3.47526934840072
70,31,2.8933659490380528
70,35,5.636523024484645
70,37,1.2815123851229036
70,41,3.071353299823529
70,42,12.248244073748891
70,43,5.948200175592628
70,44,4.163352380422195
70,48,2.0986542443064167
70,49,2.1380023920162055
70,50,5.665997910870031
70,51,4.8123021257349645
70,52,1.694468832309043
70,54,1.7478687127024708
70,55,3.0213093829049975
70,56,2.278427801019737
70,57,6.899396378269615
70,58,1.056666666666666
70,59,26.13235294117647
70,60,2.681957857769968
70,62,4.2020905923345
70,63,5.383361516617431
70,64,5.160805983918376
70,65,5.088157720436239
70,66,2.525553319919516
70,68,0.2933333333333333
70,69,7.1736172080772524
70,70,1.4
70,71,2.132738459743971
70,73,0.4965899403239556
70,74,5.481609195402296
70,75,3.1280701754385953
70,76,12.42861464004839
70,77,8.366252587991717
70,79,4.13171355498723
70,81,4.075653923541238
70,154,2.1133441014188903
70,155,3.872122762148339
70,807,4.251236508864342
70,813,5.171635610766046
70,815,3.772135393154088
70,817,3.4529342514106145
70,818,3.867329047340737
70,820,0.973572037510652
70,821,9.94307636097917
70,822,1.9783594849730797
70,824,2.9948849104859314
70,825,3.058793605734414
70,826,1.9975283624157005
70,828,2.6764657167214723
70,829,
70,830,4.182255294318981
70,831,12.83457556935818
70,832,5.4694218454851
70,833,0.5785776997366112
70,835,2.8870600414078686
70,836,9.304761904761904
70,837,5.986749482401652
70,838,1.108079013377926
70,839,2.2448277588234733
70,840,4.3294790668225245
70,841,2.489391420989707
70,842,5.758052177801105
70,843,5.336477987421377
70,844,7.688715731240447
70,845,3.979965899403239
70,846,1.329199836701367
70,847,9.45045830606857
70,848,3.6558823404311966
70,849,2.762615509652144
70,852,9.103864734299515
70,853,0.4141250270387187
70,854,1.9069134900336955
70,855,11.233954451345758
71,1,1.4072753920145709
71,3,20.932510885341074
71,4,1.8067873303167417
71,8,2.7784237243518595
71,9,0.6917989417989404
71,13,3.842653035089218
71,16,1.7266214177978878
71,18,2.329427416830303
71,20,2.602685050798258
71,154,3.8080666392431084
71,155,0.5571428571428576
71,807,3.6849245140726823
71,813,1.9194271322462222
71,815,3.531255335951506
71,817,8.536955790287621
71,818,7.365021770682148
71,820,0.7777777777777782
71,821,2.5993589743589705
71,822,2.345327662995532
71,825,2.3192974567669347
71,826,3.2229031844958613
71,828,2.2981523378582223
71,829,0.6337254901960784
71,830,4.227145103324348
71,831,3.802651612168816
71,832,5.705145786100284
71,833,0.6530920060331825
71,835,2.145927601809956
71,836,1.44096038415366
71,838,0.5101960784313726
71,839,2.770493611087396
71,840,3.5822677082443994
71,841,2.3230551049640944
71,842,4.308802185605736
71,843,0.3333333333333339
71,844,4.361779290816472
71,845,0.8501960784313727
71,846,5.046804595084284
71,847,5.344975193754327
71,848,11.728229317851962
71,849,0.9288050629061144
71,852,0.9935897435897344
71,853,3.090196078431377
71,854,1.490927419354838
73,1,3.7152941176470584
73,3,0.0
73,4,6.0587385393181705
73,8,9.999739745173432
73,9,3.968537414965987
73,13,3.57156862745098
73,18,4.41960784313726
73,20,2.2467973856209147
73,154,8.566573575619058
73,807,2.9983851584111925
73,815,8.139741737450715
73,817,6.8942027159564345
73,821,3.6310204081632658
73,822,9.233439301252412
73,825,5.99385276691321
73,826,17.11822390572391
73,828,5.1431852741096415
73,830,2.132784593574067
73,831,4.785714285714289
73,832,7.033109846088972
73,835,2.393401360544218
73,836,9.14393903310312
73,837,1.3971088435374106
73,838,4.005098039215689
73,839,8.555294117647058
73,840,7.243050939516236
73,841,5.510204081632659
73,842,6.875308063481435
73,843,2.5984313725490207
73,844,5.7143837535014015
73,846,4.839738562091505
73,847,2.5625309414545963
73,848,7.202040816326534
73,849,2.2516166466586647
73,852,4.011460584233691
73,853,1.3796078431372585
73,854,2.092228891556613
73,855,2.079051383399212
75,1,0.40093240093240123
75,4,8.385081585081576
75,8,15.82836538461538
75,20,3.9877403846153836
75,154,1.3908653846153844
75,815,18.34179778554779
75,817,9.674912587412585
75,822,0.7203962703962703
75,825,4.558653846153844
75,826,4.984126984126984
75,830,0.44533799533799534
75,832,6.289175407925409
75,839,4.83484848484849
75,840,17.821042609351426
75,841,1.9531250000000007
75,842,2.1653991841491838
75,844,1.9620046620046618
75,846,12.300174825174832
75,847,5.131490384615383
75,848,4.816346153846155
75,849,0.9621775793650786
75,852,1.1274038461538445
75,853,0.4126984126984113
75,854,1.3013392857142858
76,1,0.1315020455873758
76,8,5.925189947399187
76,20,4.9035651665692574
76,154,2.417884278199885
76,815,0.8170660432495616
76,817,1.814143775569841
76,822,0.1963763880771478
76,825,0.0
76,826,0.8433664523670373
76,832,0.0
76,839,0.0
76,840,0.5342624854819985
76,841,0.0
76,844,11.461133839859734
76,846,0.7919345412039737
76,847,0.9018118059614268
76,848,1.593220338983052
76,849,0.1666666666666668
77,1,4.605918367346939
77,4,1.318972589035615
77,8,1.8316326530612237
77,20,5.308139534883722
77,807,5.283265306122449
77,815,1.8861538461538458
77,817,4.50794717887155
77,822,1.6592630385487528
77,825,2.390204081632654
77,830,0.5261224489795919
77,832,1.9244897959183696
77,839,3.302857142857141
77,840,6.853316326530608
77,841,2.1734693877551035
77,842,3.1726530612244894
77,844,2.229591836734693
77,846,7.343877551020409
77,847,0.09651491365777075
77,848,4.853839037927839
77,849,4.7800313971742545
77,852,5.91666666666666
77,853,3.494505494505496
77,854,0.0
77,855,3.193469387755101
78,1,0.0
78,4,1.18295739348371
78,8,6.033441558441558
78,20,7.427272727272732
78,815,6.337092731829574
78,817,4.1337662337662335
78,822,14.839982269503547
78,830,0.1672932330827068
78,832,1.423558897243108
78,839,2.3796992481203008
78,840,3.5770676691729366
78,841,4.960714285714288
78,842,15.755519480519473
78,844,3.8834586466165457
78,846,4.154545454545455
78,847,3.459259259259253
78,849,2.9179591836734664
78,852,10.372727272727278
78,853,2.610774410774409
78,854,3.326948051948054
79,1,0.352130325814537
79,4,2.218671679197996
79,20,7.843466107617045
79,815,0.0344611528822055
79,817,9.102130325814535
79,822,0.5739348370927319
79,825,2.767532467532466
79,830,0.1353383458646617
79,832,0.1171679197994987
79,839,9.859649122807026
79,840,7.536340852130327
79,842,9.391919191919191
79,844,0.3201754385964914
79,846,11.681511470985148
79,847,12.852130325814542
79,848,6.607769423558902
79,849,1.8483709273182976
79,852,7.981829573934839
79,854,7.348370927318295
79,855,6.0
